184,-61898965504858644045325486683127283712.000000000
1837,-61898965504858644045325486683127283712.000000000
2493,-61898965504858644045325486683127283712.000000000
4851,-61898965504858644045325486683127283712.000000000
5431,-61898965504858644045325486683127283712.000000000
6554,-61898965504858644045325486683127283712.000000000
7593,-61898965504858644045325486683127283712.000000000
198,-61898965504858653490058452422417711104.000000000
242,-61898965504858653490058452422417711104.000000000
281,-61898965504858653490058452422417711104.000000000
516,-61898965504858653490058452422417711104.000000000
686,-61898965504858653490058452422417711104.000000000
721,-61898965504858653490058452422417711104.000000000
1031,-61898965504858653490058452422417711104.000000000
1280,-61898965504858653490058452422417711104.000000000
1290,-61898965504858653490058452422417711104.000000000
1748,-61898965504858653490058452422417711104.000000000
1877,-61898965504858653490058452422417711104.000000000
2509,-61898965504858653490058452422417711104.000000000
2945,-61898965504858653490058452422417711104.000000000
2975,-61898965504858653490058452422417711104.000000000
3144,-61898965504858653490058452422417711104.000000000
3396,-61898965504858653490058452422417711104.000000000
4320,-61898965504858653490058452422417711104.000000000
4483,-61898965504858653490058452422417711104.000000000
4651,-61898965504858653490058452422417711104.000000000
5338,-61898965504858653490058452422417711104.000000000
5657,-61898965504858653490058452422417711104.000000000
5796,-61898965504858653490058452422417711104.000000000
6036,-61898965504858653490058452422417711104.000000000
6053,-61898965504858653490058452422417711104.000000000
6242,-61898965504858653490058452422417711104.000000000
6364,-61898965504858653490058452422417711104.000000000
6806,-61898965504858653490058452422417711104.000000000
6825,-61898965504858653490058452422417711104.000000000
7322,-61898965504858653490058452422417711104.000000000
7410,-61898965504858653490058452422417711104.000000000
7481,-61898965504858653490058452422417711104.000000000
7734,-61898965504858653490058452422417711104.000000000
7777,-61898965504858653490058452422417711104.000000000
3,-61898965504858662934791418161708138496.000000000
15,-61898965504858662934791418161708138496.000000000
20,-61898965504858662934791418161708138496.000000000
27,-61898965504858662934791418161708138496.000000000
41,-61898965504858662934791418161708138496.000000000
45,-61898965504858662934791418161708138496.000000000
53,-61898965504858662934791418161708138496.000000000
69,-61898965504858662934791418161708138496.000000000
70,-61898965504858662934791418161708138496.000000000
92,-61898965504858662934791418161708138496.000000000
112,-61898965504858662934791418161708138496.000000000
127,-61898965504858662934791418161708138496.000000000
138,-61898965504858662934791418161708138496.000000000
154,-61898965504858662934791418161708138496.000000000
156,-61898965504858662934791418161708138496.000000000
158,-61898965504858662934791418161708138496.000000000
165,-61898965504858662934791418161708138496.000000000
167,-61898965504858662934791418161708138496.000000000
174,-61898965504858662934791418161708138496.000000000
206,-61898965504858662934791418161708138496.000000000
243,-61898965504858662934791418161708138496.000000000
274,-61898965504858662934791418161708138496.000000000
283,-61898965504858662934791418161708138496.000000000
330,-61898965504858662934791418161708138496.000000000
341,-61898965504858662934791418161708138496.000000000
342,-61898965504858662934791418161708138496.000000000
352,-61898965504858662934791418161708138496.000000000
368,-61898965504858662934791418161708138496.000000000
378,-61898965504858662934791418161708138496.000000000
410,-61898965504858662934791418161708138496.000000000
414,-61898965504858662934791418161708138496.000000000
424,-61898965504858662934791418161708138496.000000000
438,-61898965504858662934791418161708138496.000000000
463,-61898965504858662934791418161708138496.000000000
471,-61898965504858662934791418161708138496.000000000
489,-61898965504858662934791418161708138496.000000000
494,-61898965504858662934791418161708138496.000000000
498,-61898965504858662934791418161708138496.000000000
504,-61898965504858662934791418161708138496.000000000
506,-61898965504858662934791418161708138496.000000000
524,-61898965504858662934791418161708138496.000000000
526,-61898965504858662934791418161708138496.000000000
527,-61898965504858662934791418161708138496.000000000
535,-61898965504858662934791418161708138496.000000000
552,-61898965504858662934791418161708138496.000000000
570,-61898965504858662934791418161708138496.000000000
588,-61898965504858662934791418161708138496.000000000
594,-61898965504858662934791418161708138496.000000000
597,-61898965504858662934791418161708138496.000000000
615,-61898965504858662934791418161708138496.000000000
621,-61898965504858662934791418161708138496.000000000
648,-61898965504858662934791418161708138496.000000000
663,-61898965504858662934791418161708138496.000000000
669,-61898965504858662934791418161708138496.000000000
698,-61898965504858662934791418161708138496.000000000
708,-61898965504858662934791418161708138496.000000000
709,-61898965504858662934791418161708138496.000000000
710,-61898965504858662934791418161708138496.000000000
713,-61898965504858662934791418161708138496.000000000
724,-61898965504858662934791418161708138496.000000000
729,-61898965504858662934791418161708138496.000000000
764,-61898965504858662934791418161708138496.000000000
773,-61898965504858662934791418161708138496.000000000
779,-61898965504858662934791418161708138496.000000000
803,-61898965504858662934791418161708138496.000000000
809,-61898965504858662934791418161708138496.000000000
821,-61898965504858662934791418161708138496.000000000
824,-61898965504858662934791418161708138496.000000000
834,-61898965504858662934791418161708138496.000000000
842,-61898965504858662934791418161708138496.000000000
863,-61898965504858662934791418161708138496.000000000
867,-61898965504858662934791418161708138496.000000000
869,-61898965504858662934791418161708138496.000000000
871,-61898965504858662934791418161708138496.000000000
897,-61898965504858662934791418161708138496.000000000
903,-61898965504858662934791418161708138496.000000000
906,-61898965504858662934791418161708138496.000000000
917,-61898965504858662934791418161708138496.000000000
925,-61898965504858662934791418161708138496.000000000
936,-61898965504858662934791418161708138496.000000000
942,-61898965504858662934791418161708138496.000000000
951,-61898965504858662934791418161708138496.000000000
952,-61898965504858662934791418161708138496.000000000
960,-61898965504858662934791418161708138496.000000000
980,-61898965504858662934791418161708138496.000000000
984,-61898965504858662934791418161708138496.000000000
1027,-61898965504858662934791418161708138496.000000000
1038,-61898965504858662934791418161708138496.000000000
1061,-61898965504858662934791418161708138496.000000000
1062,-61898965504858662934791418161708138496.000000000
1105,-61898965504858662934791418161708138496.000000000
1110,-61898965504858662934791418161708138496.000000000
1120,-61898965504858662934791418161708138496.000000000
1129,-61898965504858662934791418161708138496.000000000
1131,-61898965504858662934791418161708138496.000000000
1163,-61898965504858662934791418161708138496.000000000
1176,-61898965504858662934791418161708138496.000000000
1191,-61898965504858662934791418161708138496.000000000
1202,-61898965504858662934791418161708138496.000000000
1221,-61898965504858662934791418161708138496.000000000
1245,-61898965504858662934791418161708138496.000000000
1305,-61898965504858662934791418161708138496.000000000
1306,-61898965504858662934791418161708138496.000000000
1314,-61898965504858662934791418161708138496.000000000
1318,-61898965504858662934791418161708138496.000000000
1322,-61898965504858662934791418161708138496.000000000
1327,-61898965504858662934791418161708138496.000000000
1333,-61898965504858662934791418161708138496.000000000
1336,-61898965504858662934791418161708138496.000000000
1355,-61898965504858662934791418161708138496.000000000
1358,-61898965504858662934791418161708138496.000000000
1387,-61898965504858662934791418161708138496.000000000
1392,-61898965504858662934791418161708138496.000000000
1414,-61898965504858662934791418161708138496.000000000
1416,-61898965504858662934791418161708138496.000000000
1423,-61898965504858662934791418161708138496.000000000
1429,-61898965504858662934791418161708138496.000000000
1434,-61898965504858662934791418161708138496.000000000
1448,-61898965504858662934791418161708138496.000000000
1454,-61898965504858662934791418161708138496.000000000
1465,-61898965504858662934791418161708138496.000000000
1468,-61898965504858662934791418161708138496.000000000
1535,-61898965504858662934791418161708138496.000000000
1547,-61898965504858662934791418161708138496.000000000
1581,-61898965504858662934791418161708138496.000000000
1585,-61898965504858662934791418161708138496.000000000
1588,-61898965504858662934791418161708138496.000000000
1603,-61898965504858662934791418161708138496.000000000
1615,-61898965504858662934791418161708138496.000000000
1645,-61898965504858662934791418161708138496.000000000
1667,-61898965504858662934791418161708138496.000000000
1669,-61898965504858662934791418161708138496.000000000
1704,-61898965504858662934791418161708138496.000000000
1705,-61898965504858662934791418161708138496.000000000
1743,-61898965504858662934791418161708138496.000000000
1753,-61898965504858662934791418161708138496.000000000
1779,-61898965504858662934791418161708138496.000000000
1781,-61898965504858662934791418161708138496.000000000
1782,-61898965504858662934791418161708138496.000000000
1815,-61898965504858662934791418161708138496.000000000
1816,-61898965504858662934791418161708138496.000000000
1826,-61898965504858662934791418161708138496.000000000
1845,-61898965504858662934791418161708138496.000000000
1852,-61898965504858662934791418161708138496.000000000
1855,-61898965504858662934791418161708138496.000000000
1863,-61898965504858662934791418161708138496.000000000
1874,-61898965504858662934791418161708138496.000000000
1875,-61898965504858662934791418161708138496.000000000
1908,-61898965504858662934791418161708138496.000000000
1919,-61898965504858662934791418161708138496.000000000
1941,-61898965504858662934791418161708138496.000000000
1942,-61898965504858662934791418161708138496.000000000
1946,-61898965504858662934791418161708138496.000000000
1971,-61898965504858662934791418161708138496.000000000
1987,-61898965504858662934791418161708138496.000000000
2029,-61898965504858662934791418161708138496.000000000
2056,-61898965504858662934791418161708138496.000000000
2063,-61898965504858662934791418161708138496.000000000
2070,-61898965504858662934791418161708138496.000000000
2071,-61898965504858662934791418161708138496.000000000
2085,-61898965504858662934791418161708138496.000000000
2091,-61898965504858662934791418161708138496.000000000
2094,-61898965504858662934791418161708138496.000000000
2107,-61898965504858662934791418161708138496.000000000
2120,-61898965504858662934791418161708138496.000000000
2224,-61898965504858662934791418161708138496.000000000
2228,-61898965504858662934791418161708138496.000000000
2233,-61898965504858662934791418161708138496.000000000
2241,-61898965504858662934791418161708138496.000000000
2245,-61898965504858662934791418161708138496.000000000
2257,-61898965504858662934791418161708138496.000000000
2259,-61898965504858662934791418161708138496.000000000
2268,-61898965504858662934791418161708138496.000000000
2273,-61898965504858662934791418161708138496.000000000
2279,-61898965504858662934791418161708138496.000000000
2299,-61898965504858662934791418161708138496.000000000
2311,-61898965504858662934791418161708138496.000000000
2344,-61898965504858662934791418161708138496.000000000
2347,-61898965504858662934791418161708138496.000000000
2367,-61898965504858662934791418161708138496.000000000
2396,-61898965504858662934791418161708138496.000000000
2416,-61898965504858662934791418161708138496.000000000
2468,-61898965504858662934791418161708138496.000000000
2476,-61898965504858662934791418161708138496.000000000
2484,-61898965504858662934791418161708138496.000000000
2514,-61898965504858662934791418161708138496.000000000
2528,-61898965504858662934791418161708138496.000000000
2546,-61898965504858662934791418161708138496.000000000
2552,-61898965504858662934791418161708138496.000000000
2566,-61898965504858662934791418161708138496.000000000
2576,-61898965504858662934791418161708138496.000000000
2583,-61898965504858662934791418161708138496.000000000
2584,-61898965504858662934791418161708138496.000000000
2591,-61898965504858662934791418161708138496.000000000
2598,-61898965504858662934791418161708138496.000000000
2600,-61898965504858662934791418161708138496.000000000
2603,-61898965504858662934791418161708138496.000000000
2628,-61898965504858662934791418161708138496.000000000
2637,-61898965504858662934791418161708138496.000000000
2654,-61898965504858662934791418161708138496.000000000
2668,-61898965504858662934791418161708138496.000000000
2676,-61898965504858662934791418161708138496.000000000
2683,-61898965504858662934791418161708138496.000000000
2704,-61898965504858662934791418161708138496.000000000
2731,-61898965504858662934791418161708138496.000000000
2736,-61898965504858662934791418161708138496.000000000
2759,-61898965504858662934791418161708138496.000000000
2765,-61898965504858662934791418161708138496.000000000
2768,-61898965504858662934791418161708138496.000000000
2785,-61898965504858662934791418161708138496.000000000
2793,-61898965504858662934791418161708138496.000000000
2808,-61898965504858662934791418161708138496.000000000
2880,-61898965504858662934791418161708138496.000000000
2901,-61898965504858662934791418161708138496.000000000
2902,-61898965504858662934791418161708138496.000000000
2906,-61898965504858662934791418161708138496.000000000
2910,-61898965504858662934791418161708138496.000000000
2933,-61898965504858662934791418161708138496.000000000
2949,-61898965504858662934791418161708138496.000000000
2966,-61898965504858662934791418161708138496.000000000
2970,-61898965504858662934791418161708138496.000000000
2973,-61898965504858662934791418161708138496.000000000
3001,-61898965504858662934791418161708138496.000000000
3031,-61898965504858662934791418161708138496.000000000
3048,-61898965504858662934791418161708138496.000000000
3053,-61898965504858662934791418161708138496.000000000
3061,-61898965504858662934791418161708138496.000000000
3076,-61898965504858662934791418161708138496.000000000
3095,-61898965504858662934791418161708138496.000000000
3109,-61898965504858662934791418161708138496.000000000
3135,-61898965504858662934791418161708138496.000000000
3145,-61898965504858662934791418161708138496.000000000
3154,-61898965504858662934791418161708138496.000000000
3198,-61898965504858662934791418161708138496.000000000
3202,-61898965504858662934791418161708138496.000000000
3208,-61898965504858662934791418161708138496.000000000
3224,-61898965504858662934791418161708138496.000000000
3232,-61898965504858662934791418161708138496.000000000
3241,-61898965504858662934791418161708138496.000000000
3246,-61898965504858662934791418161708138496.000000000
3251,-61898965504858662934791418161708138496.000000000
3262,-61898965504858662934791418161708138496.000000000
3285,-61898965504858662934791418161708138496.000000000
3319,-61898965504858662934791418161708138496.000000000
3335,-61898965504858662934791418161708138496.000000000
3339,-61898965504858662934791418161708138496.000000000
3350,-61898965504858662934791418161708138496.000000000
3351,-61898965504858662934791418161708138496.000000000
3380,-61898965504858662934791418161708138496.000000000
3399,-61898965504858662934791418161708138496.000000000
3411,-61898965504858662934791418161708138496.000000000
3413,-61898965504858662934791418161708138496.000000000
3414,-61898965504858662934791418161708138496.000000000
3428,-61898965504858662934791418161708138496.000000000
3431,-61898965504858662934791418161708138496.000000000
3444,-61898965504858662934791418161708138496.000000000
3446,-61898965504858662934791418161708138496.000000000
3449,-61898965504858662934791418161708138496.000000000
3455,-61898965504858662934791418161708138496.000000000
3479,-61898965504858662934791418161708138496.000000000
3503,-61898965504858662934791418161708138496.000000000
3519,-61898965504858662934791418161708138496.000000000
3520,-61898965504858662934791418161708138496.000000000
3529,-61898965504858662934791418161708138496.000000000
3554,-61898965504858662934791418161708138496.000000000
3556,-61898965504858662934791418161708138496.000000000
3568,-61898965504858662934791418161708138496.000000000
3625,-61898965504858662934791418161708138496.000000000
3635,-61898965504858662934791418161708138496.000000000
3637,-61898965504858662934791418161708138496.000000000
3644,-61898965504858662934791418161708138496.000000000
3646,-61898965504858662934791418161708138496.000000000
3669,-61898965504858662934791418161708138496.000000000
3677,-61898965504858662934791418161708138496.000000000
3696,-61898965504858662934791418161708138496.000000000
3704,-61898965504858662934791418161708138496.000000000
3714,-61898965504858662934791418161708138496.000000000
3718,-61898965504858662934791418161708138496.000000000
3726,-61898965504858662934791418161708138496.000000000
3734,-61898965504858662934791418161708138496.000000000
3742,-61898965504858662934791418161708138496.000000000
3748,-61898965504858662934791418161708138496.000000000
3750,-61898965504858662934791418161708138496.000000000
3762,-61898965504858662934791418161708138496.000000000
3776,-61898965504858662934791418161708138496.000000000
3788,-61898965504858662934791418161708138496.000000000
3804,-61898965504858662934791418161708138496.000000000
3819,-61898965504858662934791418161708138496.000000000
3855,-61898965504858662934791418161708138496.000000000
3883,-61898965504858662934791418161708138496.000000000
3889,-61898965504858662934791418161708138496.000000000
3897,-61898965504858662934791418161708138496.000000000
3908,-61898965504858662934791418161708138496.000000000
3912,-61898965504858662934791418161708138496.000000000
3915,-61898965504858662934791418161708138496.000000000
3944,-61898965504858662934791418161708138496.000000000
3974,-61898965504858662934791418161708138496.000000000
3981,-61898965504858662934791418161708138496.000000000
3985,-61898965504858662934791418161708138496.000000000
4016,-61898965504858662934791418161708138496.000000000
4018,-61898965504858662934791418161708138496.000000000
4034,-61898965504858662934791418161708138496.000000000
4035,-61898965504858662934791418161708138496.000000000
4117,-61898965504858662934791418161708138496.000000000
4143,-61898965504858662934791418161708138496.000000000
4171,-61898965504858662934791418161708138496.000000000
4175,-61898965504858662934791418161708138496.000000000
4176,-61898965504858662934791418161708138496.000000000
4178,-61898965504858662934791418161708138496.000000000
4190,-61898965504858662934791418161708138496.000000000
4193,-61898965504858662934791418161708138496.000000000
4210,-61898965504858662934791418161708138496.000000000
4233,-61898965504858662934791418161708138496.000000000
4242,-61898965504858662934791418161708138496.000000000
4258,-61898965504858662934791418161708138496.000000000
4279,-61898965504858662934791418161708138496.000000000
4286,-61898965504858662934791418161708138496.000000000
4301,-61898965504858662934791418161708138496.000000000
4305,-61898965504858662934791418161708138496.000000000
4328,-61898965504858662934791418161708138496.000000000
4341,-61898965504858662934791418161708138496.000000000
4348,-61898965504858662934791418161708138496.000000000
4349,-61898965504858662934791418161708138496.000000000
4362,-61898965504858662934791418161708138496.000000000
4383,-61898965504858662934791418161708138496.000000000
4411,-61898965504858662934791418161708138496.000000000
4418,-61898965504858662934791418161708138496.000000000
4423,-61898965504858662934791418161708138496.000000000
4446,-61898965504858662934791418161708138496.000000000
4448,-61898965504858662934791418161708138496.000000000
4450,-61898965504858662934791418161708138496.000000000
4451,-61898965504858662934791418161708138496.000000000
4456,-61898965504858662934791418161708138496.000000000
4480,-61898965504858662934791418161708138496.000000000
4507,-61898965504858662934791418161708138496.000000000
4526,-61898965504858662934791418161708138496.000000000
4534,-61898965504858662934791418161708138496.000000000
4545,-61898965504858662934791418161708138496.000000000
4562,-61898965504858662934791418161708138496.000000000
4599,-61898965504858662934791418161708138496.000000000
4613,-61898965504858662934791418161708138496.000000000
4618,-61898965504858662934791418161708138496.000000000
4635,-61898965504858662934791418161708138496.000000000
4644,-61898965504858662934791418161708138496.000000000
4646,-61898965504858662934791418161708138496.000000000
4668,-61898965504858662934791418161708138496.000000000
4680,-61898965504858662934791418161708138496.000000000
4687,-61898965504858662934791418161708138496.000000000
4690,-61898965504858662934791418161708138496.000000000
4705,-61898965504858662934791418161708138496.000000000
4712,-61898965504858662934791418161708138496.000000000
4734,-61898965504858662934791418161708138496.000000000
4741,-61898965504858662934791418161708138496.000000000
4752,-61898965504858662934791418161708138496.000000000
4763,-61898965504858662934791418161708138496.000000000
4773,-61898965504858662934791418161708138496.000000000
4799,-61898965504858662934791418161708138496.000000000
4802,-61898965504858662934791418161708138496.000000000
4811,-61898965504858662934791418161708138496.000000000
4815,-61898965504858662934791418161708138496.000000000
4827,-61898965504858662934791418161708138496.000000000
4836,-61898965504858662934791418161708138496.000000000
4852,-61898965504858662934791418161708138496.000000000
4877,-61898965504858662934791418161708138496.000000000
4897,-61898965504858662934791418161708138496.000000000
4899,-61898965504858662934791418161708138496.000000000
4906,-61898965504858662934791418161708138496.000000000
4913,-61898965504858662934791418161708138496.000000000
4916,-61898965504858662934791418161708138496.000000000
4919,-61898965504858662934791418161708138496.000000000
4929,-61898965504858662934791418161708138496.000000000
4938,-61898965504858662934791418161708138496.000000000
4943,-61898965504858662934791418161708138496.000000000
4984,-61898965504858662934791418161708138496.000000000
5004,-61898965504858662934791418161708138496.000000000
5009,-61898965504858662934791418161708138496.000000000
5030,-61898965504858662934791418161708138496.000000000
5046,-61898965504858662934791418161708138496.000000000
5049,-61898965504858662934791418161708138496.000000000
5056,-61898965504858662934791418161708138496.000000000
5059,-61898965504858662934791418161708138496.000000000
5068,-61898965504858662934791418161708138496.000000000
5071,-61898965504858662934791418161708138496.000000000
5080,-61898965504858662934791418161708138496.000000000
5085,-61898965504858662934791418161708138496.000000000
5126,-61898965504858662934791418161708138496.000000000
5135,-61898965504858662934791418161708138496.000000000
5145,-61898965504858662934791418161708138496.000000000
5185,-61898965504858662934791418161708138496.000000000
5188,-61898965504858662934791418161708138496.000000000
5191,-61898965504858662934791418161708138496.000000000
5196,-61898965504858662934791418161708138496.000000000
5203,-61898965504858662934791418161708138496.000000000
5220,-61898965504858662934791418161708138496.000000000
5221,-61898965504858662934791418161708138496.000000000
5222,-61898965504858662934791418161708138496.000000000
5234,-61898965504858662934791418161708138496.000000000
5240,-61898965504858662934791418161708138496.000000000
5243,-61898965504858662934791418161708138496.000000000
5247,-61898965504858662934791418161708138496.000000000
5269,-61898965504858662934791418161708138496.000000000
5276,-61898965504858662934791418161708138496.000000000
5283,-61898965504858662934791418161708138496.000000000
5317,-61898965504858662934791418161708138496.000000000
5321,-61898965504858662934791418161708138496.000000000
5324,-61898965504858662934791418161708138496.000000000
5361,-61898965504858662934791418161708138496.000000000
5370,-61898965504858662934791418161708138496.000000000
5382,-61898965504858662934791418161708138496.000000000
5384,-61898965504858662934791418161708138496.000000000
5388,-61898965504858662934791418161708138496.000000000
5414,-61898965504858662934791418161708138496.000000000
5428,-61898965504858662934791418161708138496.000000000
5440,-61898965504858662934791418161708138496.000000000
5467,-61898965504858662934791418161708138496.000000000
5469,-61898965504858662934791418161708138496.000000000
5472,-61898965504858662934791418161708138496.000000000
5474,-61898965504858662934791418161708138496.000000000
5571,-61898965504858662934791418161708138496.000000000
5575,-61898965504858662934791418161708138496.000000000
5603,-61898965504858662934791418161708138496.000000000
5608,-61898965504858662934791418161708138496.000000000
5612,-61898965504858662934791418161708138496.000000000
5626,-61898965504858662934791418161708138496.000000000
5632,-61898965504858662934791418161708138496.000000000
5639,-61898965504858662934791418161708138496.000000000
5641,-61898965504858662934791418161708138496.000000000
5668,-61898965504858662934791418161708138496.000000000
5669,-61898965504858662934791418161708138496.000000000
5695,-61898965504858662934791418161708138496.000000000
5719,-61898965504858662934791418161708138496.000000000
5721,-61898965504858662934791418161708138496.000000000
5724,-61898965504858662934791418161708138496.000000000
5747,-61898965504858662934791418161708138496.000000000
5764,-61898965504858662934791418161708138496.000000000
5766,-61898965504858662934791418161708138496.000000000
5769,-61898965504858662934791418161708138496.000000000
5778,-61898965504858662934791418161708138496.000000000
5788,-61898965504858662934791418161708138496.000000000
5807,-61898965504858662934791418161708138496.000000000
5858,-61898965504858662934791418161708138496.000000000
5868,-61898965504858662934791418161708138496.000000000
5878,-61898965504858662934791418161708138496.000000000
5883,-61898965504858662934791418161708138496.000000000
5888,-61898965504858662934791418161708138496.000000000
5905,-61898965504858662934791418161708138496.000000000
5906,-61898965504858662934791418161708138496.000000000
5924,-61898965504858662934791418161708138496.000000000
5934,-61898965504858662934791418161708138496.000000000
5962,-61898965504858662934791418161708138496.000000000
5979,-61898965504858662934791418161708138496.000000000
5980,-61898965504858662934791418161708138496.000000000
5981,-61898965504858662934791418161708138496.000000000
5999,-61898965504858662934791418161708138496.000000000
6004,-61898965504858662934791418161708138496.000000000
6017,-61898965504858662934791418161708138496.000000000
6025,-61898965504858662934791418161708138496.000000000
6035,-61898965504858662934791418161708138496.000000000
6060,-61898965504858662934791418161708138496.000000000
6076,-61898965504858662934791418161708138496.000000000
6090,-61898965504858662934791418161708138496.000000000
6103,-61898965504858662934791418161708138496.000000000
6147,-61898965504858662934791418161708138496.000000000
6149,-61898965504858662934791418161708138496.000000000
6155,-61898965504858662934791418161708138496.000000000
6164,-61898965504858662934791418161708138496.000000000
6186,-61898965504858662934791418161708138496.000000000
6219,-61898965504858662934791418161708138496.000000000
6223,-61898965504858662934791418161708138496.000000000
6238,-61898965504858662934791418161708138496.000000000
6262,-61898965504858662934791418161708138496.000000000
6275,-61898965504858662934791418161708138496.000000000
6297,-61898965504858662934791418161708138496.000000000
6307,-61898965504858662934791418161708138496.000000000
6352,-61898965504858662934791418161708138496.000000000
6356,-61898965504858662934791418161708138496.000000000
6435,-61898965504858662934791418161708138496.000000000
6438,-61898965504858662934791418161708138496.000000000
6445,-61898965504858662934791418161708138496.000000000
6455,-61898965504858662934791418161708138496.000000000
6456,-61898965504858662934791418161708138496.000000000
6492,-61898965504858662934791418161708138496.000000000
6538,-61898965504858662934791418161708138496.000000000
6567,-61898965504858662934791418161708138496.000000000
6571,-61898965504858662934791418161708138496.000000000
6586,-61898965504858662934791418161708138496.000000000
6599,-61898965504858662934791418161708138496.000000000
6609,-61898965504858662934791418161708138496.000000000
6614,-61898965504858662934791418161708138496.000000000
6623,-61898965504858662934791418161708138496.000000000
6638,-61898965504858662934791418161708138496.000000000
6654,-61898965504858662934791418161708138496.000000000
6659,-61898965504858662934791418161708138496.000000000
6665,-61898965504858662934791418161708138496.000000000
6674,-61898965504858662934791418161708138496.000000000
6685,-61898965504858662934791418161708138496.000000000
6699,-61898965504858662934791418161708138496.000000000
6701,-61898965504858662934791418161708138496.000000000
6726,-61898965504858662934791418161708138496.000000000
6732,-61898965504858662934791418161708138496.000000000
6770,-61898965504858662934791418161708138496.000000000
6805,-61898965504858662934791418161708138496.000000000
6810,-61898965504858662934791418161708138496.000000000
6823,-61898965504858662934791418161708138496.000000000
6836,-61898965504858662934791418161708138496.000000000
6840,-61898965504858662934791418161708138496.000000000
6854,-61898965504858662934791418161708138496.000000000
6858,-61898965504858662934791418161708138496.000000000
6880,-61898965504858662934791418161708138496.000000000
6884,-61898965504858662934791418161708138496.000000000
6885,-61898965504858662934791418161708138496.000000000
6898,-61898965504858662934791418161708138496.000000000
6900,-61898965504858662934791418161708138496.000000000
6902,-61898965504858662934791418161708138496.000000000
6904,-61898965504858662934791418161708138496.000000000
6918,-61898965504858662934791418161708138496.000000000
6923,-61898965504858662934791418161708138496.000000000
6947,-61898965504858662934791418161708138496.000000000
6956,-61898965504858662934791418161708138496.000000000
6963,-61898965504858662934791418161708138496.000000000
6984,-61898965504858662934791418161708138496.000000000
6996,-61898965504858662934791418161708138496.000000000
7002,-61898965504858662934791418161708138496.000000000
7008,-61898965504858662934791418161708138496.000000000
7026,-61898965504858662934791418161708138496.000000000
7065,-61898965504858662934791418161708138496.000000000
7079,-61898965504858662934791418161708138496.000000000
7098,-61898965504858662934791418161708138496.000000000
7105,-61898965504858662934791418161708138496.000000000
7108,-61898965504858662934791418161708138496.000000000
7112,-61898965504858662934791418161708138496.000000000
7121,-61898965504858662934791418161708138496.000000000
7129,-61898965504858662934791418161708138496.000000000
7132,-61898965504858662934791418161708138496.000000000
7136,-61898965504858662934791418161708138496.000000000
7153,-61898965504858662934791418161708138496.000000000
7176,-61898965504858662934791418161708138496.000000000
7179,-61898965504858662934791418161708138496.000000000
7205,-61898965504858662934791418161708138496.000000000
7208,-61898965504858662934791418161708138496.000000000
7234,-61898965504858662934791418161708138496.000000000
7242,-61898965504858662934791418161708138496.000000000
7244,-61898965504858662934791418161708138496.000000000
7262,-61898965504858662934791418161708138496.000000000
7266,-61898965504858662934791418161708138496.000000000
7302,-61898965504858662934791418161708138496.000000000
7304,-61898965504858662934791418161708138496.000000000
7310,-61898965504858662934791418161708138496.000000000
7314,-61898965504858662934791418161708138496.000000000
7324,-61898965504858662934791418161708138496.000000000
7327,-61898965504858662934791418161708138496.000000000
7331,-61898965504858662934791418161708138496.000000000
7338,-61898965504858662934791418161708138496.000000000
7351,-61898965504858662934791418161708138496.000000000
7353,-61898965504858662934791418161708138496.000000000
7357,-61898965504858662934791418161708138496.000000000
7364,-61898965504858662934791418161708138496.000000000
7366,-61898965504858662934791418161708138496.000000000
7368,-61898965504858662934791418161708138496.000000000
7369,-61898965504858662934791418161708138496.000000000
7373,-61898965504858662934791418161708138496.000000000
7386,-61898965504858662934791418161708138496.000000000
7398,-61898965504858662934791418161708138496.000000000
7405,-61898965504858662934791418161708138496.000000000
7408,-61898965504858662934791418161708138496.000000000
7419,-61898965504858662934791418161708138496.000000000
7429,-61898965504858662934791418161708138496.000000000
7435,-61898965504858662934791418161708138496.000000000
7450,-61898965504858662934791418161708138496.000000000
7457,-61898965504858662934791418161708138496.000000000
7469,-61898965504858662934791418161708138496.000000000
7471,-61898965504858662934791418161708138496.000000000
7483,-61898965504858662934791418161708138496.000000000
7494,-61898965504858662934791418161708138496.000000000
7504,-61898965504858662934791418161708138496.000000000
7506,-61898965504858662934791418161708138496.000000000
7510,-61898965504858662934791418161708138496.000000000
7525,-61898965504858662934791418161708138496.000000000
7539,-61898965504858662934791418161708138496.000000000
7540,-61898965504858662934791418161708138496.000000000
7560,-61898965504858662934791418161708138496.000000000
7566,-61898965504858662934791418161708138496.000000000
7594,-61898965504858662934791418161708138496.000000000
7596,-61898965504858662934791418161708138496.000000000
7604,-61898965504858662934791418161708138496.000000000
7609,-61898965504858662934791418161708138496.000000000
7610,-61898965504858662934791418161708138496.000000000
7619,-61898965504858662934791418161708138496.000000000
7620,-61898965504858662934791418161708138496.000000000
7623,-61898965504858662934791418161708138496.000000000
7647,-61898965504858662934791418161708138496.000000000
7652,-61898965504858662934791418161708138496.000000000
7658,-61898965504858662934791418161708138496.000000000
7674,-61898965504858662934791418161708138496.000000000
7689,-61898965504858662934791418161708138496.000000000
7702,-61898965504858662934791418161708138496.000000000
7711,-61898965504858662934791418161708138496.000000000
7744,-61898965504858662934791418161708138496.000000000
7774,-61898965504858662934791418161708138496.000000000
7778,-61898965504858662934791418161708138496.000000000
7780,-61898965504858662934791418161708138496.000000000
7788,-61898965504858662934791418161708138496.000000000
7790,-61898965504858662934791418161708138496.000000000
7811,-61898965504858662934791418161708138496.000000000
7822,-61898965504858662934791418161708138496.000000000
7825,-61898965504858662934791418161708138496.000000000
7849,-61898965504858662934791418161708138496.000000000
7850,-61898965504858662934791418161708138496.000000000
7852,-61898965504858662934791418161708138496.000000000
7861,-61898965504858662934791418161708138496.000000000
7863,-61898965504858662934791418161708138496.000000000
7897,-61898965504858662934791418161708138496.000000000
7900,-61898965504858662934791418161708138496.000000000
7902,-61898965504858662934791418161708138496.000000000
7939,-61898965504858662934791418161708138496.000000000
7940,-61898965504858662934791418161708138496.000000000
7945,-61898965504858662934791418161708138496.000000000
7957,-61898965504858662934791418161708138496.000000000
7958,-61898965504858662934791418161708138496.000000000
7969,-61898965504858662934791418161708138496.000000000
7973,-61898965504858662934791418161708138496.000000000
7987,-61898965504858662934791418161708138496.000000000
8004,-61898965504858662934791418161708138496.000000000
8010,-61898965504858662934791418161708138496.000000000
8048,-61898965504858662934791418161708138496.000000000
8053,-61898965504858662934791418161708138496.000000000
8062,-61898965504858662934791418161708138496.000000000
8064,-61898965504858662934791418161708138496.000000000
8111,-61898965504858662934791418161708138496.000000000
8123,-61898965504858662934791418161708138496.000000000
8133,-61898965504858662934791418161708138496.000000000
8162,-61898965504858662934791418161708138496.000000000
8164,-61898965504858662934791418161708138496.000000000
8177,-61898965504858662934791418161708138496.000000000
8181,-61898965504858662934791418161708138496.000000000
8193,-61898965504858662934791418161708138496.000000000
8208,-61898965504858662934791418161708138496.000000000
8233,-61898965504858662934791418161708138496.000000000
19,-61898965504858672379524383900998565888.000000000
25,-61898965504858672379524383900998565888.000000000
46,-61898965504858672379524383900998565888.000000000
52,-61898965504858672379524383900998565888.000000000
61,-61898965504858672379524383900998565888.000000000
192,-61898965504858672379524383900998565888.000000000
197,-61898965504858672379524383900998565888.000000000
207,-61898965504858672379524383900998565888.000000000
224,-61898965504858672379524383900998565888.000000000
282,-61898965504858672379524383900998565888.000000000
351,-61898965504858672379524383900998565888.000000000
353,-61898965504858672379524383900998565888.000000000
425,-61898965504858672379524383900998565888.000000000
429,-61898965504858672379524383900998565888.000000000
454,-61898965504858672379524383900998565888.000000000
515,-61898965504858672379524383900998565888.000000000
529,-61898965504858672379524383900998565888.000000000
551,-61898965504858672379524383900998565888.000000000
581,-61898965504858672379524383900998565888.000000000
625,-61898965504858672379524383900998565888.000000000
629,-61898965504858672379524383900998565888.000000000
693,-61898965504858672379524383900998565888.000000000
697,-61898965504858672379524383900998565888.000000000
707,-61898965504858672379524383900998565888.000000000
720,-61898965504858672379524383900998565888.000000000
727,-61898965504858672379524383900998565888.000000000
744,-61898965504858672379524383900998565888.000000000
755,-61898965504858672379524383900998565888.000000000
804,-61898965504858672379524383900998565888.000000000
815,-61898965504858672379524383900998565888.000000000
846,-61898965504858672379524383900998565888.000000000
855,-61898965504858672379524383900998565888.000000000
900,-61898965504858672379524383900998565888.000000000
914,-61898965504858672379524383900998565888.000000000
969,-61898965504858672379524383900998565888.000000000
978,-61898965504858672379524383900998565888.000000000
986,-61898965504858672379524383900998565888.000000000
1014,-61898965504858672379524383900998565888.000000000
1045,-61898965504858672379524383900998565888.000000000
1060,-61898965504858672379524383900998565888.000000000
1090,-61898965504858672379524383900998565888.000000000
1159,-61898965504858672379524383900998565888.000000000
1175,-61898965504858672379524383900998565888.000000000
1203,-61898965504858672379524383900998565888.000000000
1210,-61898965504858672379524383900998565888.000000000
1224,-61898965504858672379524383900998565888.000000000
1225,-61898965504858672379524383900998565888.000000000
1260,-61898965504858672379524383900998565888.000000000
1268,-61898965504858672379524383900998565888.000000000
1269,-61898965504858672379524383900998565888.000000000
1300,-61898965504858672379524383900998565888.000000000
1301,-61898965504858672379524383900998565888.000000000
1324,-61898965504858672379524383900998565888.000000000
1350,-61898965504858672379524383900998565888.000000000
1359,-61898965504858672379524383900998565888.000000000
1391,-61898965504858672379524383900998565888.000000000
1407,-61898965504858672379524383900998565888.000000000
1425,-61898965504858672379524383900998565888.000000000
1440,-61898965504858672379524383900998565888.000000000
1451,-61898965504858672379524383900998565888.000000000
1456,-61898965504858672379524383900998565888.000000000
1519,-61898965504858672379524383900998565888.000000000
1526,-61898965504858672379524383900998565888.000000000
1553,-61898965504858672379524383900998565888.000000000
1554,-61898965504858672379524383900998565888.000000000
1574,-61898965504858672379524383900998565888.000000000
1586,-61898965504858672379524383900998565888.000000000
1595,-61898965504858672379524383900998565888.000000000
1600,-61898965504858672379524383900998565888.000000000
1647,-61898965504858672379524383900998565888.000000000
1651,-61898965504858672379524383900998565888.000000000
1652,-61898965504858672379524383900998565888.000000000
1657,-61898965504858672379524383900998565888.000000000
1686,-61898965504858672379524383900998565888.000000000
1719,-61898965504858672379524383900998565888.000000000
1721,-61898965504858672379524383900998565888.000000000
1735,-61898965504858672379524383900998565888.000000000
1736,-61898965504858672379524383900998565888.000000000
1758,-61898965504858672379524383900998565888.000000000
1759,-61898965504858672379524383900998565888.000000000
1849,-61898965504858672379524383900998565888.000000000
1901,-61898965504858672379524383900998565888.000000000
2006,-61898965504858672379524383900998565888.000000000
2024,-61898965504858672379524383900998565888.000000000
2035,-61898965504858672379524383900998565888.000000000
2045,-61898965504858672379524383900998565888.000000000
2132,-61898965504858672379524383900998565888.000000000
2144,-61898965504858672379524383900998565888.000000000
2211,-61898965504858672379524383900998565888.000000000
2230,-61898965504858672379524383900998565888.000000000
2263,-61898965504858672379524383900998565888.000000000
2291,-61898965504858672379524383900998565888.000000000
2295,-61898965504858672379524383900998565888.000000000
2316,-61898965504858672379524383900998565888.000000000
2348,-61898965504858672379524383900998565888.000000000
2369,-61898965504858672379524383900998565888.000000000
2372,-61898965504858672379524383900998565888.000000000
2391,-61898965504858672379524383900998565888.000000000
2414,-61898965504858672379524383900998565888.000000000
2502,-61898965504858672379524383900998565888.000000000
2504,-61898965504858672379524383900998565888.000000000
2517,-61898965504858672379524383900998565888.000000000
2570,-61898965504858672379524383900998565888.000000000
2678,-61898965504858672379524383900998565888.000000000
2703,-61898965504858672379524383900998565888.000000000
2735,-61898965504858672379524383900998565888.000000000
2751,-61898965504858672379524383900998565888.000000000
2758,-61898965504858672379524383900998565888.000000000
2763,-61898965504858672379524383900998565888.000000000
2800,-61898965504858672379524383900998565888.000000000
2823,-61898965504858672379524383900998565888.000000000
2834,-61898965504858672379524383900998565888.000000000
2942,-61898965504858672379524383900998565888.000000000
2948,-61898965504858672379524383900998565888.000000000
2951,-61898965504858672379524383900998565888.000000000
2968,-61898965504858672379524383900998565888.000000000
3051,-61898965504858672379524383900998565888.000000000
3058,-61898965504858672379524383900998565888.000000000
3116,-61898965504858672379524383900998565888.000000000
3126,-61898965504858672379524383900998565888.000000000
3131,-61898965504858672379524383900998565888.000000000
3132,-61898965504858672379524383900998565888.000000000
3137,-61898965504858672379524383900998565888.000000000
3146,-61898965504858672379524383900998565888.000000000
3164,-61898965504858672379524383900998565888.000000000
3183,-61898965504858672379524383900998565888.000000000
3193,-61898965504858672379524383900998565888.000000000
3234,-61898965504858672379524383900998565888.000000000
3278,-61898965504858672379524383900998565888.000000000
3320,-61898965504858672379524383900998565888.000000000
3326,-61898965504858672379524383900998565888.000000000
3356,-61898965504858672379524383900998565888.000000000
3360,-61898965504858672379524383900998565888.000000000
3362,-61898965504858672379524383900998565888.000000000
3383,-61898965504858672379524383900998565888.000000000
3494,-61898965504858672379524383900998565888.000000000
3517,-61898965504858672379524383900998565888.000000000
3577,-61898965504858672379524383900998565888.000000000
3597,-61898965504858672379524383900998565888.000000000
3632,-61898965504858672379524383900998565888.000000000
3640,-61898965504858672379524383900998565888.000000000
3651,-61898965504858672379524383900998565888.000000000
3661,-61898965504858672379524383900998565888.000000000
3666,-61898965504858672379524383900998565888.000000000
3692,-61898965504858672379524383900998565888.000000000
3705,-61898965504858672379524383900998565888.000000000
3712,-61898965504858672379524383900998565888.000000000
3737,-61898965504858672379524383900998565888.000000000
3747,-61898965504858672379524383900998565888.000000000
3754,-61898965504858672379524383900998565888.000000000
3806,-61898965504858672379524383900998565888.000000000
3848,-61898965504858672379524383900998565888.000000000
3864,-61898965504858672379524383900998565888.000000000
3917,-61898965504858672379524383900998565888.000000000
3936,-61898965504858672379524383900998565888.000000000
3978,-61898965504858672379524383900998565888.000000000
3999,-61898965504858672379524383900998565888.000000000
4030,-61898965504858672379524383900998565888.000000000
4046,-61898965504858672379524383900998565888.000000000
4063,-61898965504858672379524383900998565888.000000000
4130,-61898965504858672379524383900998565888.000000000
4234,-61898965504858672379524383900998565888.000000000
4235,-61898965504858672379524383900998565888.000000000
4277,-61898965504858672379524383900998565888.000000000
4287,-61898965504858672379524383900998565888.000000000
4313,-61898965504858672379524383900998565888.000000000
4386,-61898965504858672379524383900998565888.000000000
4394,-61898965504858672379524383900998565888.000000000
4397,-61898965504858672379524383900998565888.000000000
4405,-61898965504858672379524383900998565888.000000000
4474,-61898965504858672379524383900998565888.000000000
4532,-61898965504858672379524383900998565888.000000000
4579,-61898965504858672379524383900998565888.000000000
4615,-61898965504858672379524383900998565888.000000000
4648,-61898965504858672379524383900998565888.000000000
4662,-61898965504858672379524383900998565888.000000000
4731,-61898965504858672379524383900998565888.000000000
4739,-61898965504858672379524383900998565888.000000000
4753,-61898965504858672379524383900998565888.000000000
4770,-61898965504858672379524383900998565888.000000000
4777,-61898965504858672379524383900998565888.000000000
4787,-61898965504858672379524383900998565888.000000000
4818,-61898965504858672379524383900998565888.000000000
4842,-61898965504858672379524383900998565888.000000000
4848,-61898965504858672379524383900998565888.000000000
4861,-61898965504858672379524383900998565888.000000000
4946,-61898965504858672379524383900998565888.000000000
4963,-61898965504858672379524383900998565888.000000000
4989,-61898965504858672379524383900998565888.000000000
5022,-61898965504858672379524383900998565888.000000000
5027,-61898965504858672379524383900998565888.000000000
5029,-61898965504858672379524383900998565888.000000000
5047,-61898965504858672379524383900998565888.000000000
5048,-61898965504858672379524383900998565888.000000000
5054,-61898965504858672379524383900998565888.000000000
5088,-61898965504858672379524383900998565888.000000000
5161,-61898965504858672379524383900998565888.000000000
5176,-61898965504858672379524383900998565888.000000000
5209,-61898965504858672379524383900998565888.000000000
5238,-61898965504858672379524383900998565888.000000000
5270,-61898965504858672379524383900998565888.000000000
5282,-61898965504858672379524383900998565888.000000000
5300,-61898965504858672379524383900998565888.000000000
5305,-61898965504858672379524383900998565888.000000000
5347,-61898965504858672379524383900998565888.000000000
5401,-61898965504858672379524383900998565888.000000000
5403,-61898965504858672379524383900998565888.000000000
5404,-61898965504858672379524383900998565888.000000000
5444,-61898965504858672379524383900998565888.000000000
5452,-61898965504858672379524383900998565888.000000000
5463,-61898965504858672379524383900998565888.000000000
5476,-61898965504858672379524383900998565888.000000000
5484,-61898965504858672379524383900998565888.000000000
5577,-61898965504858672379524383900998565888.000000000
5620,-61898965504858672379524383900998565888.000000000
5644,-61898965504858672379524383900998565888.000000000
5688,-61898965504858672379524383900998565888.000000000
5689,-61898965504858672379524383900998565888.000000000
5693,-61898965504858672379524383900998565888.000000000
5715,-61898965504858672379524383900998565888.000000000
5811,-61898965504858672379524383900998565888.000000000
5828,-61898965504858672379524383900998565888.000000000
5851,-61898965504858672379524383900998565888.000000000
5862,-61898965504858672379524383900998565888.000000000
5879,-61898965504858672379524383900998565888.000000000
5893,-61898965504858672379524383900998565888.000000000
5930,-61898965504858672379524383900998565888.000000000
5959,-61898965504858672379524383900998565888.000000000
6012,-61898965504858672379524383900998565888.000000000
6123,-61898965504858672379524383900998565888.000000000
6150,-61898965504858672379524383900998565888.000000000
6169,-61898965504858672379524383900998565888.000000000
6180,-61898965504858672379524383900998565888.000000000
6204,-61898965504858672379524383900998565888.000000000
6229,-61898965504858672379524383900998565888.000000000
6245,-61898965504858672379524383900998565888.000000000
6286,-61898965504858672379524383900998565888.000000000
6295,-61898965504858672379524383900998565888.000000000
6342,-61898965504858672379524383900998565888.000000000
6366,-61898965504858672379524383900998565888.000000000
6390,-61898965504858672379524383900998565888.000000000
6405,-61898965504858672379524383900998565888.000000000
6542,-61898965504858672379524383900998565888.000000000
6583,-61898965504858672379524383900998565888.000000000
6619,-61898965504858672379524383900998565888.000000000
6630,-61898965504858672379524383900998565888.000000000
6646,-61898965504858672379524383900998565888.000000000
6656,-61898965504858672379524383900998565888.000000000
6681,-61898965504858672379524383900998565888.000000000
6712,-61898965504858672379524383900998565888.000000000
6718,-61898965504858672379524383900998565888.000000000
6719,-61898965504858672379524383900998565888.000000000
6793,-61898965504858672379524383900998565888.000000000
6808,-61898965504858672379524383900998565888.000000000
6824,-61898965504858672379524383900998565888.000000000
6828,-61898965504858672379524383900998565888.000000000
6833,-61898965504858672379524383900998565888.000000000
6907,-61898965504858672379524383900998565888.000000000
7018,-61898965504858672379524383900998565888.000000000
7028,-61898965504858672379524383900998565888.000000000
7039,-61898965504858672379524383900998565888.000000000
7145,-61898965504858672379524383900998565888.000000000
7173,-61898965504858672379524383900998565888.000000000
7210,-61898965504858672379524383900998565888.000000000
7240,-61898965504858672379524383900998565888.000000000
7248,-61898965504858672379524383900998565888.000000000
7251,-61898965504858672379524383900998565888.000000000
7295,-61898965504858672379524383900998565888.000000000
7395,-61898965504858672379524383900998565888.000000000
7452,-61898965504858672379524383900998565888.000000000
7459,-61898965504858672379524383900998565888.000000000
7562,-61898965504858672379524383900998565888.000000000
7578,-61898965504858672379524383900998565888.000000000
7582,-61898965504858672379524383900998565888.000000000
7613,-61898965504858672379524383900998565888.000000000
7637,-61898965504858672379524383900998565888.000000000
7669,-61898965504858672379524383900998565888.000000000
7730,-61898965504858672379524383900998565888.000000000
7742,-61898965504858672379524383900998565888.000000000
7794,-61898965504858672379524383900998565888.000000000
7871,-61898965504858672379524383900998565888.000000000
7874,-61898965504858672379524383900998565888.000000000
7886,-61898965504858672379524383900998565888.000000000
7949,-61898965504858672379524383900998565888.000000000
7956,-61898965504858672379524383900998565888.000000000
8058,-61898965504858672379524383900998565888.000000000
8071,-61898965504858672379524383900998565888.000000000
8076,-61898965504858672379524383900998565888.000000000
8115,-61898965504858672379524383900998565888.000000000
8120,-61898965504858672379524383900998565888.000000000
8159,-61898965504858672379524383900998565888.000000000
8161,-61898965504858672379524383900998565888.000000000
8205,-61898965504858672379524383900998565888.000000000
8206,-61898965504858672379524383900998565888.000000000
8224,-61898965504858672379524383900998565888.000000000
60,-61898965504858681824257349640288993280.000000000
94,-61898965504858681824257349640288993280.000000000
109,-61898965504858681824257349640288993280.000000000
264,-61898965504858681824257349640288993280.000000000
375,-61898965504858681824257349640288993280.000000000
439,-61898965504858681824257349640288993280.000000000
447,-61898965504858681824257349640288993280.000000000
453,-61898965504858681824257349640288993280.000000000
483,-61898965504858681824257349640288993280.000000000
500,-61898965504858681824257349640288993280.000000000
517,-61898965504858681824257349640288993280.000000000
530,-61898965504858681824257349640288993280.000000000
536,-61898965504858681824257349640288993280.000000000
555,-61898965504858681824257349640288993280.000000000
595,-61898965504858681824257349640288993280.000000000
616,-61898965504858681824257349640288993280.000000000
677,-61898965504858681824257349640288993280.000000000
743,-61898965504858681824257349640288993280.000000000
775,-61898965504858681824257349640288993280.000000000
847,-61898965504858681824257349640288993280.000000000
939,-61898965504858681824257349640288993280.000000000
1005,-61898965504858681824257349640288993280.000000000
1091,-61898965504858681824257349640288993280.000000000
1189,-61898965504858681824257349640288993280.000000000
1249,-61898965504858681824257349640288993280.000000000
1276,-61898965504858681824257349640288993280.000000000
1361,-61898965504858681824257349640288993280.000000000
1428,-61898965504858681824257349640288993280.000000000
1449,-61898965504858681824257349640288993280.000000000
1472,-61898965504858681824257349640288993280.000000000
1562,-61898965504858681824257349640288993280.000000000
1598,-61898965504858681824257349640288993280.000000000
1714,-61898965504858681824257349640288993280.000000000
1725,-61898965504858681824257349640288993280.000000000
1731,-61898965504858681824257349640288993280.000000000
1739,-61898965504858681824257349640288993280.000000000
1744,-61898965504858681824257349640288993280.000000000
1750,-61898965504858681824257349640288993280.000000000
1818,-61898965504858681824257349640288993280.000000000
1829,-61898965504858681824257349640288993280.000000000
1878,-61898965504858681824257349640288993280.000000000
1928,-61898965504858681824257349640288993280.000000000
1952,-61898965504858681824257349640288993280.000000000
1992,-61898965504858681824257349640288993280.000000000
2008,-61898965504858681824257349640288993280.000000000
2023,-61898965504858681824257349640288993280.000000000
2051,-61898965504858681824257349640288993280.000000000
2101,-61898965504858681824257349640288993280.000000000
2111,-61898965504858681824257349640288993280.000000000
2113,-61898965504858681824257349640288993280.000000000
2121,-61898965504858681824257349640288993280.000000000
2148,-61898965504858681824257349640288993280.000000000
2152,-61898965504858681824257349640288993280.000000000
2209,-61898965504858681824257349640288993280.000000000
2225,-61898965504858681824257349640288993280.000000000
2236,-61898965504858681824257349640288993280.000000000
2239,-61898965504858681824257349640288993280.000000000
2454,-61898965504858681824257349640288993280.000000000
2708,-61898965504858681824257349640288993280.000000000
2821,-61898965504858681824257349640288993280.000000000
2848,-61898965504858681824257349640288993280.000000000
2861,-61898965504858681824257349640288993280.000000000
2939,-61898965504858681824257349640288993280.000000000
2940,-61898965504858681824257349640288993280.000000000
2987,-61898965504858681824257349640288993280.000000000
2989,-61898965504858681824257349640288993280.000000000
3011,-61898965504858681824257349640288993280.000000000
3032,-61898965504858681824257349640288993280.000000000
3089,-61898965504858681824257349640288993280.000000000
3102,-61898965504858681824257349640288993280.000000000
3125,-61898965504858681824257349640288993280.000000000
3136,-61898965504858681824257349640288993280.000000000
3138,-61898965504858681824257349640288993280.000000000
3204,-61898965504858681824257349640288993280.000000000
3230,-61898965504858681824257349640288993280.000000000
3238,-61898965504858681824257349640288993280.000000000
3332,-61898965504858681824257349640288993280.000000000
3438,-61898965504858681824257349640288993280.000000000
3478,-61898965504858681824257349640288993280.000000000
3534,-61898965504858681824257349640288993280.000000000
3580,-61898965504858681824257349640288993280.000000000
3633,-61898965504858681824257349640288993280.000000000
3665,-61898965504858681824257349640288993280.000000000
3678,-61898965504858681824257349640288993280.000000000
3717,-61898965504858681824257349640288993280.000000000
3777,-61898965504858681824257349640288993280.000000000
3791,-61898965504858681824257349640288993280.000000000
3805,-61898965504858681824257349640288993280.000000000
3812,-61898965504858681824257349640288993280.000000000
3884,-61898965504858681824257349640288993280.000000000
3911,-61898965504858681824257349640288993280.000000000
3943,-61898965504858681824257349640288993280.000000000
3995,-61898965504858681824257349640288993280.000000000
4008,-61898965504858681824257349640288993280.000000000
4076,-61898965504858681824257349640288993280.000000000
4099,-61898965504858681824257349640288993280.000000000
4180,-61898965504858681824257349640288993280.000000000
4201,-61898965504858681824257349640288993280.000000000
4213,-61898965504858681824257349640288993280.000000000
4225,-61898965504858681824257349640288993280.000000000
4226,-61898965504858681824257349640288993280.000000000
4338,-61898965504858681824257349640288993280.000000000
4339,-61898965504858681824257349640288993280.000000000
4355,-61898965504858681824257349640288993280.000000000
4420,-61898965504858681824257349640288993280.000000000
4468,-61898965504858681824257349640288993280.000000000
4537,-61898965504858681824257349640288993280.000000000
4548,-61898965504858681824257349640288993280.000000000
4570,-61898965504858681824257349640288993280.000000000
4585,-61898965504858681824257349640288993280.000000000
4696,-61898965504858681824257349640288993280.000000000
4723,-61898965504858681824257349640288993280.000000000
4768,-61898965504858681824257349640288993280.000000000
4797,-61898965504858681824257349640288993280.000000000
4881,-61898965504858681824257349640288993280.000000000
4901,-61898965504858681824257349640288993280.000000000
4968,-61898965504858681824257349640288993280.000000000
4978,-61898965504858681824257349640288993280.000000000
5050,-61898965504858681824257349640288993280.000000000
5113,-61898965504858681824257349640288993280.000000000
5263,-61898965504858681824257349640288993280.000000000
5284,-61898965504858681824257349640288993280.000000000
5288,-61898965504858681824257349640288993280.000000000
5310,-61898965504858681824257349640288993280.000000000
5330,-61898965504858681824257349640288993280.000000000
5392,-61898965504858681824257349640288993280.000000000
5410,-61898965504858681824257349640288993280.000000000
5423,-61898965504858681824257349640288993280.000000000
5434,-61898965504858681824257349640288993280.000000000
5459,-61898965504858681824257349640288993280.000000000
5519,-61898965504858681824257349640288993280.000000000
5541,-61898965504858681824257349640288993280.000000000
5553,-61898965504858681824257349640288993280.000000000
5558,-61898965504858681824257349640288993280.000000000
5593,-61898965504858681824257349640288993280.000000000
5604,-61898965504858681824257349640288993280.000000000
5607,-61898965504858681824257349640288993280.000000000
5618,-61898965504858681824257349640288993280.000000000
5622,-61898965504858681824257349640288993280.000000000
5676,-61898965504858681824257349640288993280.000000000
5683,-61898965504858681824257349640288993280.000000000
5713,-61898965504858681824257349640288993280.000000000
5849,-61898965504858681824257349640288993280.000000000
5850,-61898965504858681824257349640288993280.000000000
5881,-61898965504858681824257349640288993280.000000000
5897,-61898965504858681824257349640288993280.000000000
5899,-61898965504858681824257349640288993280.000000000
5929,-61898965504858681824257349640288993280.000000000
5967,-61898965504858681824257349640288993280.000000000
5970,-61898965504858681824257349640288993280.000000000
6121,-61898965504858681824257349640288993280.000000000
6138,-61898965504858681824257349640288993280.000000000
6160,-61898965504858681824257349640288993280.000000000
6192,-61898965504858681824257349640288993280.000000000
6239,-61898965504858681824257349640288993280.000000000
6250,-61898965504858681824257349640288993280.000000000
6266,-61898965504858681824257349640288993280.000000000
6270,-61898965504858681824257349640288993280.000000000
6289,-61898965504858681824257349640288993280.000000000
6310,-61898965504858681824257349640288993280.000000000
6314,-61898965504858681824257349640288993280.000000000
6332,-61898965504858681824257349640288993280.000000000
6336,-61898965504858681824257349640288993280.000000000
6340,-61898965504858681824257349640288993280.000000000
6431,-61898965504858681824257349640288993280.000000000
6517,-61898965504858681824257349640288993280.000000000
6702,-61898965504858681824257349640288993280.000000000
6711,-61898965504858681824257349640288993280.000000000
6722,-61898965504858681824257349640288993280.000000000
6737,-61898965504858681824257349640288993280.000000000
6792,-61898965504858681824257349640288993280.000000000
6839,-61898965504858681824257349640288993280.000000000
6849,-61898965504858681824257349640288993280.000000000
6878,-61898965504858681824257349640288993280.000000000
6957,-61898965504858681824257349640288993280.000000000
7014,-61898965504858681824257349640288993280.000000000
7056,-61898965504858681824257349640288993280.000000000
7109,-61898965504858681824257349640288993280.000000000
7134,-61898965504858681824257349640288993280.000000000
7201,-61898965504858681824257349640288993280.000000000
7236,-61898965504858681824257349640288993280.000000000
7269,-61898965504858681824257349640288993280.000000000
7306,-61898965504858681824257349640288993280.000000000
7361,-61898965504858681824257349640288993280.000000000
7401,-61898965504858681824257349640288993280.000000000
7443,-61898965504858681824257349640288993280.000000000
7456,-61898965504858681824257349640288993280.000000000
7530,-61898965504858681824257349640288993280.000000000
7545,-61898965504858681824257349640288993280.000000000
7555,-61898965504858681824257349640288993280.000000000
7678,-61898965504858681824257349640288993280.000000000
7703,-61898965504858681824257349640288993280.000000000
7726,-61898965504858681824257349640288993280.000000000
7898,-61898965504858681824257349640288993280.000000000
7924,-61898965504858681824257349640288993280.000000000
7927,-61898965504858681824257349640288993280.000000000
7971,-61898965504858681824257349640288993280.000000000
7996,-61898965504858681824257349640288993280.000000000
8021,-61898965504858681824257349640288993280.000000000
8086,-61898965504858681824257349640288993280.000000000
8100,-61898965504858681824257349640288993280.000000000
8117,-61898965504858681824257349640288993280.000000000
1483,-61898965504858691268990315379579420672.000000000
7978,-61898965504858691268990315379579420672.000000000
